{
  "timestamp": "2026-01-30T17:44:32.190132",
  "strategy": "template_mipro",
  "baseline": {
    "total": 20,
    "exact_matches": 16,
    "partial_matches": 1,
    "avg_accuracy": 0.8125,
    "avg_no_clarify": 0.8,
    "avg_reasoning": 0.89,
    "avg_combined": 0.8242499999999999
  },
  "optimized": {
    "total": 20,
    "exact_matches": 14,
    "partial_matches": 1,
    "avg_accuracy": 0.7125,
    "avg_no_clarify": 0.7,
    "avg_reasoning": 0.8950000000000001,
    "avg_combined": 0.7452500000000001
  },
  "improvement": {
    "combined_score": -0.07899999999999985,
    "accuracy": -0.09999999999999998
  }
}